Zadatak,Ulaz,Izlaz,Predviđen odgovor,Točan odgovor,Ispravno,Vrsta pitanja
1,"Zapuštena
U jednoj sobi ogromnoga grada
pokraj sirotnoga pokućstva i suđa
živi mlada žena
Svaki dan o podne i naveče
uđe jedno vučje lice
I dok žena stojeći po strani
Čeka
vučje lice jelo proguta
i ode
U noći
mlada žena ćuti pokraj peći
– pjev vatre šúmi u tišini sobe –
nad romanom Marcela Prévosta
Dugo lice blijedo i bez nade
oteščalo od čitanja padne
nad stranice romana
i usne
Na prozoru rastvoreni modri cvjetovi
čeznu sami u noć
u kojoj bliza krčma divlje šumori i pjeva
Antun Branko Šimić

U zadatcima višestrukoga izbora od više ponuđenih odgovora samo je jedan točan.
1. Koja od sljedećih tvrdnja o pjesmi nije točna?
A. Lirski subjekt u pjesmi mlada je žena.
B. Interpunkcija je u pjesmi reducirana.
C. Pjesma je pisana slobodnim stihom.
D. Pjesma je grafički organizirana.

Ogovori samo s A,B,C ili D",D. Pjesma je grafički organizirana.,D,A,FALSE,Književnost (uz polazni tekst)
2,"Zapuštena
U jednoj sobi ogromnoga grada
pokraj sirotnoga pokućstva i suđa
živi mlada žena
Svaki dan o podne i naveče
uđe jedno vučje lice
I dok žena stojeći po strani
Čeka
vučje lice jelo proguta
i ode
U noći
mlada žena ćuti pokraj peći
– pjev vatre šúmi u tišini sobe –
nad romanom Marcela Prévosta
Dugo lice blijedo i bez nade
oteščalo od čitanja padne
nad stranice romana
i usne
Na prozoru rastvoreni modri cvjetovi
čeznu sami u noć
u kojoj bliza krčma divlje šumori i pjeva
Antun Branko Šimić

U zadatcima višestrukoga izbora od više ponuđenih odgovora samo je jedan točan.
2. Što je tema pjesme?
A. umjetnost kao sredstvo ostvarivanja boljega života
B. nemogućnost ostvarivanja ispunjenoga života
C. uzaludno iščekivanje voljene osobe
D. strah od velikoga grada

Ogovori samo s A,B,C ili D","B. nemogućnost ostvarivanja ispunjenoga života


",B,B,TRUE,Književnost (uz polazni tekst)
3,"Zapuštena
U jednoj sobi ogromnoga grada
pokraj sirotnoga pokućstva i suđa
živi mlada žena
Svaki dan o podne i naveče
uđe jedno vučje lice
I dok žena stojeći po strani
Čeka
vučje lice jelo proguta
i ode
U noći
mlada žena ćuti pokraj peći
– pjev vatre šúmi u tišini sobe –
nad romanom Marcela Prévosta
Dugo lice blijedo i bez nade
oteščalo od čitanja padne
nad stranice romana
i usne
Na prozoru rastvoreni modri cvjetovi
čeznu sami u noć
u kojoj bliza krčma divlje šumori i pjeva
Antun Branko Šimić

U zadatcima višestrukoga izbora od više ponuđenih odgovora samo je jedan točan.
3. U čemu žena iz pjesme nalazi utjehu?
A. u čitanju
B. u kuhanju
C. u pjevanju
D. u snovima

Ogovori samo s A,B,C ili D",A. u čitanju,A,A,TRUE,Književnost (uz polazni tekst)
4,"Ivan Gundulić, Osman
Sunčanica mlada i lijepa,
od ke slovu svud kriposti,1
svijetlo ufanje ćaćka slijepa
i štapak je u starosti.
Mile unuke on viditi
želi od drage kćerce ove
i u njih opet ponoviti
sebe i mrtve svê sinove.
Ali je zaman2
 da itko sada
nje lipotu dvori mnogu,
zašto djevstvo ona mlada
zavjetova višnjem Bogu.
Mudri ćaćko s biljêg veće3
pozna ovu nje odluku
i, što obljubit kćerca neće
vjerovnika, ćuti muku.
No u sebi opet sudi
da od djetinjstva plaha ishodi
taj nje misô, s koje žudi
da dni tako sama vodi.
Tim neka u njoj od ljubavi
probudi se časna želja,
on razlike igre stavi
od radosti i veselja.
Od bugarskih mlados sela
na igre se kupi ove,
i ljuvena i vesela
sjediljkam4
 ih milim zove.
1 od ke slovu svud kriposti – glasovita je po svojoj kreposti
2 zaman – uzalud
3 s biljêg veće – po više znakova
4 sjediljka – okupljanje radi druženja
5 ovi – ovaj
6 ukazat – pokazati
7 zatjecat se još ne taže – još se ne prestaju natjecati
8 jeda – da
9 kigodi – kojigod
10 obere – izabere
Lijepe djevojke i gizdave,
i seljani mladi š njima
na nje idu, i vrh glave
svak od cvijetja vijenac ima.
U tanac se svi hitaju,
svi začinju slatke pjesni
i razlike igre igraju
u pokoju i u ljuvezni.
Vrh livade mlad uz mlada
sjedi u cvijetju razlikomu,
i riječ s riječim hitro sklada
na uho šaptom ovi5
 onomu.
Natječu se svi pastiri,
i ukazat6
 svaki uživa
Da skladnije dipli sviri
I da u slađi glas popiva.
Zatjecat se još ne taže7
pastirice najmilije,
ka začinja pjesni draže,
ka li vjenčac ljepše vije.
Sjediljke ove skupio bȋše
starac Ljubdrag na svom stanu,
jeda8
 srce tvrdo odviše
od svê kćerce one ganu:
ter od mladih, kih ustrili
slavna lipost nje velika,
kigodi9
 joj tuj omili
i obere10 ga

U zadatcima višestrukoga izbora od više ponuđenih odgovora samo je jedan točan.
4. Zašto je Ljubdrag organizirao okupljanje mladih?
A. Nadao se da će se neki mladić svidjeti njegovoj kćeri.
B. Želio je zahvaliti kćeri zato što mu je oslonac u starosti.
C. Htio je da se pastiri natječu u sviranju.
D. Zaželio se veseloga društva u kući.

Ogovori samo s A,B,C ili D",A. Nadao se da će se neki mladić svidjeti njegovoj kćeri.,A,A,TRUE,Književnost (uz polazni tekst)
5,"Ivan Gundulić, Osman
Sunčanica mlada i lijepa,
od ke slovu svud kriposti,1
svijetlo ufanje ćaćka slijepa
i štapak je u starosti.
Mile unuke on viditi
želi od drage kćerce ove
i u njih opet ponoviti
sebe i mrtve svê sinove.
Ali je zaman2
 da itko sada
nje lipotu dvori mnogu,
zašto djevstvo ona mlada
zavjetova višnjem Bogu.
Mudri ćaćko s biljêg veće3
pozna ovu nje odluku
i, što obljubit kćerca neće
vjerovnika, ćuti muku.
No u sebi opet sudi
da od djetinjstva plaha ishodi
taj nje misô, s koje žudi
da dni tako sama vodi.
Tim neka u njoj od ljubavi
probudi se časna želja,
on razlike igre stavi
od radosti i veselja.
Od bugarskih mlados sela
na igre se kupi ove,
i ljuvena i vesela
sjediljkam4
 ih milim zove.
1 od ke slovu svud kriposti – glasovita je po svojoj kreposti
2 zaman – uzalud
3 s biljêg veće – po više znakova
4 sjediljka – okupljanje radi druženja
5 ovi – ovaj
6 ukazat – pokazati
7 zatjecat se još ne taže – još se ne prestaju natjecati
8 jeda – da
9 kigodi – kojigod
10 obere – izabere
Lijepe djevojke i gizdave,
i seljani mladi š njima
na nje idu, i vrh glave
svak od cvijetja vijenac ima.
U tanac se svi hitaju,
svi začinju slatke pjesni
i razlike igre igraju
u pokoju i u ljuvezni.
Vrh livade mlad uz mlada
sjedi u cvijetju razlikomu,
i riječ s riječim hitro sklada
na uho šaptom ovi5
 onomu.
Natječu se svi pastiri,
i ukazat6
 svaki uživa
Da skladnije dipli sviri
I da u slađi glas popiva.
Zatjecat se još ne taže7
pastirice najmilije,
ka začinja pjesni draže,
ka li vjenčac ljepše vije.
Sjediljke ove skupio bȋše
starac Ljubdrag na svom stanu,
jeda8
 srce tvrdo odviše
od svê kćerce one ganu:
ter od mladih, kih ustrili
slavna lipost nje velika,
kigodi9
 joj tuj omili
i obere10 ga

U zadatcima višestrukoga izbora od više ponuđenih odgovora samo je jedan točan.
5. Što je o Ljubdragu iskazano u sljedećim stihovima?
Mile unuke on viditi
želi od drage kćerce ove
i u njih opet ponoviti
sebe i mrtve svê sinove.
A. Važno mu je da se njegova loza nastavi.
B. Želi osvetiti svoje mrtve sinove.
C. Htio bi da ga unuci posjete.
D. Sluti da će uskoro umrijeti.

Ogovori samo s A,B,C ili D",A. Važno mu je da se njegova loza nastavi.,A,A,TRUE,Književnost (uz polazni tekst)
6,"Ivan Gundulić, Osman
Sunčanica mlada i lijepa,
od ke slovu svud kriposti,1
svijetlo ufanje ćaćka slijepa
i štapak je u starosti.
Mile unuke on viditi
želi od drage kćerce ove
i u njih opet ponoviti
sebe i mrtve svê sinove.
Ali je zaman2
 da itko sada
nje lipotu dvori mnogu,
zašto djevstvo ona mlada
zavjetova višnjem Bogu.
Mudri ćaćko s biljêg veće3
pozna ovu nje odluku
i, što obljubit kćerca neće
vjerovnika, ćuti muku.
No u sebi opet sudi
da od djetinjstva plaha ishodi
taj nje misô, s koje žudi
da dni tako sama vodi.
Tim neka u njoj od ljubavi
probudi se časna želja,
on razlike igre stavi
od radosti i veselja.
Od bugarskih mlados sela
na igre se kupi ove,
i ljuvena i vesela
sjediljkam4
 ih milim zove.
1 od ke slovu svud kriposti – glasovita je po svojoj kreposti
2 zaman – uzalud
3 s biljêg veće – po više znakova
4 sjediljka – okupljanje radi druženja
5 ovi – ovaj
6 ukazat – pokazati
7 zatjecat se još ne taže – još se ne prestaju natjecati
8 jeda – da
9 kigodi – kojigod
10 obere – izabere
Lijepe djevojke i gizdave,
i seljani mladi š njima
na nje idu, i vrh glave
svak od cvijetja vijenac ima.
U tanac se svi hitaju,
svi začinju slatke pjesni
i razlike igre igraju
u pokoju i u ljuvezni.
Vrh livade mlad uz mlada
sjedi u cvijetju razlikomu,
i riječ s riječim hitro sklada
na uho šaptom ovi5
 onomu.
Natječu se svi pastiri,
i ukazat6
 svaki uživa
Da skladnije dipli sviri
I da u slađi glas popiva.
Zatjecat se još ne taže7
pastirice najmilije,
ka začinja pjesni draže,
ka li vjenčac ljepše vije.
Sjediljke ove skupio bȋše
starac Ljubdrag na svom stanu,
jeda8
 srce tvrdo odviše
od svê kćerce one ganu:
ter od mladih, kih ustrili
slavna lipost nje velika,
kigodi9
 joj tuj omili
i obere10 ga

U zadatcima višestrukoga izbora od više ponuđenih odgovora samo je jedan točan.
6. U čemu se od sljedećega natječu djevojke?
A. u pletenju vjenčića
B. u pričanju priča
C. u plesanju
D. u ljepoti

Ogovori samo s A,B,C ili D",A. u pletenju vjenčića,A,A,TRUE,Književnost (uz polazni tekst)
7,"Josip Kozarac, Tena
To divno tijelo bit će sada Jozino i Đorđevo: Jozino, koga nije mogla pred dvije godine ni gledati,
koji joj je bio nemio kao zelena voćka! Je li joj žao? Čemu da joj bude žao kada poslije vodnika
ionako nije nikoga više ljubila, ali u dubini duše mora si ona priznati da joj se vatreni Đorđe većma
dopada negoli gospodski Leon. Razlika stališa, naobrazbe, način života među njom i Leonom, sve
to više ju je odbijalo negoli privlačilo k Leonu.
Da je sad Leon vidi u Jozinu i Đorđevu zagrljaju, što bi on rekao, bi li mu možda bilo žao? Ne bi,
njega bi to samo neugodno dirnulo, baš kao kada bi vidio Canovin kip u zadimljenoj seljačkoj kuhinji.
On ne bi žalio za njom, nego za onim što je na njoj lijepo – a za čim da ona žali, ona koja bolje
razumije Đorđevu neobuzdanu vatru, Jozine prostačke riječi negoli Leonovo obožavanje „lijepoga”
na njenom tijelu? To čuvstvo „lijepoga” naleti katkad i njojzi u dušu, ali njezina duša već je bila
podivljali busen cvijeta iz kojega je više trnova negoli cvjetića isklijalo.

U zadatcima višestrukoga izbora od više ponuđenih odgovora samo je jedan točan.
7. Koji izraz metaforično prikazuje Tenu?
A. zelena voćka
B. neobuzdana vatra
C. čuvstvo „lijepoga”
D. busen cvijeta

Ogovori samo s A,B,C ili D",D. busen cvijeta,D,D,TRUE,Književnost (uz polazni tekst)
8,"Josip Kozarac, Tena
To divno tijelo bit će sada Jozino i Đorđevo: Jozino, koga nije mogla pred dvije godine ni gledati,
koji joj je bio nemio kao zelena voćka! Je li joj žao? Čemu da joj bude žao kada poslije vodnika
ionako nije nikoga više ljubila, ali u dubini duše mora si ona priznati da joj se vatreni Đorđe većma
dopada negoli gospodski Leon. Razlika stališa, naobrazbe, način života među njom i Leonom, sve
to više ju je odbijalo negoli privlačilo k Leonu.
Da je sad Leon vidi u Jozinu i Đorđevu zagrljaju, što bi on rekao, bi li mu možda bilo žao? Ne bi,
njega bi to samo neugodno dirnulo, baš kao kada bi vidio Canovin kip u zadimljenoj seljačkoj kuhinji.
On ne bi žalio za njom, nego za onim što je na njoj lijepo – a za čim da ona žali, ona koja bolje
razumije Đorđevu neobuzdanu vatru, Jozine prostačke riječi negoli Leonovo obožavanje „lijepoga”
na njenom tijelu? To čuvstvo „lijepoga” naleti katkad i njojzi u dušu, ali njezina duša već je bila
podivljali busen cvijeta iz kojega je više trnova negoli cvjetića isklijalo.

U zadatcima višestrukoga izbora od više ponuđenih odgovora samo je jedan točan.
8. Koga je Tena jedino voljela?
A. Đorđa
B. Jozu
C. Leona
D. vodnika

Ogovori samo s A,B,C ili D",D. vodnika,D,D,TRUE,Književnost (uz polazni tekst)
9,"Josip Kozarac, Tena
To divno tijelo bit će sada Jozino i Đorđevo: Jozino, koga nije mogla pred dvije godine ni gledati,
koji joj je bio nemio kao zelena voćka! Je li joj žao? Čemu da joj bude žao kada poslije vodnika
ionako nije nikoga više ljubila, ali u dubini duše mora si ona priznati da joj se vatreni Đorđe većma
dopada negoli gospodski Leon. Razlika stališa, naobrazbe, način života među njom i Leonom, sve
to više ju je odbijalo negoli privlačilo k Leonu.
Da je sad Leon vidi u Jozinu i Đorđevu zagrljaju, što bi on rekao, bi li mu možda bilo žao? Ne bi,
njega bi to samo neugodno dirnulo, baš kao kada bi vidio Canovin kip u zadimljenoj seljačkoj kuhinji.
On ne bi žalio za njom, nego za onim što je na njoj lijepo – a za čim da ona žali, ona koja bolje
razumije Đorđevu neobuzdanu vatru, Jozine prostačke riječi negoli Leonovo obožavanje „lijepoga”
na njenom tijelu? To čuvstvo „lijepoga” naleti katkad i njojzi u dušu, ali njezina duša već je bila
podivljali busen cvijeta iz kojega je više trnova negoli cvjetića isklijalo.

U zadatcima višestrukoga izbora od više ponuđenih odgovora samo je jedan točan.
9. Na što se odnosi sljedeća usporedba?
kao kada bi vidio Canovin kip u zadimljenoj seljačkoj kuhinji
A. na Tenin smisao za kiparsku umjetnost
B. na nesklad između ljepote i okoline
C. na prijetvorno ponašanje
D. na Leonovo bogatstvo

Ogovori samo s A,B,C ili D",B. na nesklad između ljepote i okoline,B,B,TRUE,Književnost (uz polazni tekst)
10,"Ranko Marinković, Kiklop
Kad su stigli veterinarski stručnjaci iz urođeničkoga sela, agent je mirno pasao kao i sva ostala
grla. Ipak mu silom uguraše u ždrijelo slinave gvalje od nekakvih trava koje su najprije sažvakali u
svojim ustima i zatim mijesili među prstima pljujući u njih obilno. Agent se doduše davio od toga,
ali je ipak nastojao svim silama da posluša svoje dobronamjerne mučitelje: gutao je zelene kuglice
mučno kao kokoš. Oni su ga liječili. A on se odmah i ponadao: eto, liječe, znači... i smiješio im se s
prijaznom zahvalnošću.
– Što su to trpali u njega? – upita kapetan liječnika tonom šefa obitelji.
– Mislim, biljne purgative. Gospodina će to temeljito pročistiti. Ali čini se da to nije cijeli postupak.
Oni će mu još i zle duhove istjerati iz trbuha.
I doista, povalili su pacijenta na leđa i dok su ga četvorica držala za ruke i noge Veliki Vrač mu
je utaknuo bambusovu cjevčicu u duboko usaljeni pupak, zatim uzeo ugarak iz ruku svog asistenta
i živom žeravom stao šarati krugove oko bambusa po nabreklom agentovom trbuhu izgovarajući
obredne riječi na koje su njegovi pomoćnici odgovarali skandirajući neke druge riječi, vjerojatno u
ime demona koji, očito, nisu bez otpora napuštali utrobu našeg prijatelja. Agent je, razumije se, urlao
od boli, a to je Veliki Vrač primao sa zadovoljstvom, kao znak uspješnog rađanja na pupak.
Upravitelj stroja, koji je, čini se, bio najhumaniji i svakako najjači među bijelcima, učini pokret
kojim bi vjerojatno bio zadavio Velikoga Vrača da ga liječnik nije u pravi čas zaustavio.
– Zar ste poludjeli, gospodine!
– Pa dokle oni kane tako mučiti ovog čovjeka?
– Dok mu ne istjeraju i posljednjeg demona iz trbuha kroz onaj dimnjak na pupku.
Demoni bi navodno trebali pobjeći pred vatrom...
– Pa kada će to biti? – upita kapetan naivno, s laičkom radoznalošću.
– To pitajte njih – odgovori liječnik neprijazno.

U zadatcima višestrukoga izbora od više ponuđenih odgovora samo je jedan točan.
10. Što je prikazano u polaznome tekstu?
A. čišćenje dimnjaka
B. istjerivanje zlih sila
C. liječenje životinja
D. ubojstvo zarobljenika

Ogovori samo s A,B,C ili D",B. istjerivanje zlih sila,B,B,TRUE,Književnost (uz polazni tekst)
11,"Ranko Marinković, Kiklop
Kad su stigli veterinarski stručnjaci iz urođeničkoga sela, agent je mirno pasao kao i sva ostala
grla. Ipak mu silom uguraše u ždrijelo slinave gvalje od nekakvih trava koje su najprije sažvakali u
svojim ustima i zatim mijesili među prstima pljujući u njih obilno. Agent se doduše davio od toga,
ali je ipak nastojao svim silama da posluša svoje dobronamjerne mučitelje: gutao je zelene kuglice
mučno kao kokoš. Oni su ga liječili. A on se odmah i ponadao: eto, liječe, znači... i smiješio im se s
prijaznom zahvalnošću.
– Što su to trpali u njega? – upita kapetan liječnika tonom šefa obitelji.
– Mislim, biljne purgative. Gospodina će to temeljito pročistiti. Ali čini se da to nije cijeli postupak.
Oni će mu još i zle duhove istjerati iz trbuha.
I doista, povalili su pacijenta na leđa i dok su ga četvorica držala za ruke i noge Veliki Vrač mu
je utaknuo bambusovu cjevčicu u duboko usaljeni pupak, zatim uzeo ugarak iz ruku svog asistenta
i živom žeravom stao šarati krugove oko bambusa po nabreklom agentovom trbuhu izgovarajući
obredne riječi na koje su njegovi pomoćnici odgovarali skandirajući neke druge riječi, vjerojatno u
ime demona koji, očito, nisu bez otpora napuštali utrobu našeg prijatelja. Agent je, razumije se, urlao
od boli, a to je Veliki Vrač primao sa zadovoljstvom, kao znak uspješnog rađanja na pupak.
Upravitelj stroja, koji je, čini se, bio najhumaniji i svakako najjači među bijelcima, učini pokret
kojim bi vjerojatno bio zadavio Velikoga Vrača da ga liječnik nije u pravi čas zaustavio.
– Zar ste poludjeli, gospodine!
– Pa dokle oni kane tako mučiti ovog čovjeka?
– Dok mu ne istjeraju i posljednjeg demona iz trbuha kroz onaj dimnjak na pupku.
Demoni bi navodno trebali pobjeći pred vatrom...
– Pa kada će to biti? – upita kapetan naivno, s laičkom radoznalošću.
– To pitajte njih – odgovori liječnik neprijazno.

U zadatcima višestrukoga izbora od više ponuđenih odgovora samo je jedan točan.
11. Zašto su urođenici nazvani veterinarskim stručnjacima, a agent grlom?
A. da bi se naglasilo da su urođenici obrazovani
B. da bi se istaknula dehumanizacija
C. da bi se postigla ritmičnost teksta
D. da bi se ostvario stil basne

Ogovori samo s A,B,C ili D",B. da bi se istaknula dehumanizacija,B,B,TRUE,Književnost (uz polazni tekst)
12,"Ranko Marinković, Kiklop
Kad su stigli veterinarski stručnjaci iz urođeničkoga sela, agent je mirno pasao kao i sva ostala
grla. Ipak mu silom uguraše u ždrijelo slinave gvalje od nekakvih trava koje su najprije sažvakali u
svojim ustima i zatim mijesili među prstima pljujući u njih obilno. Agent se doduše davio od toga,
ali je ipak nastojao svim silama da posluša svoje dobronamjerne mučitelje: gutao je zelene kuglice
mučno kao kokoš. Oni su ga liječili. A on se odmah i ponadao: eto, liječe, znači... i smiješio im se s
prijaznom zahvalnošću.
– Što su to trpali u njega? – upita kapetan liječnika tonom šefa obitelji.
– Mislim, biljne purgative. Gospodina će to temeljito pročistiti. Ali čini se da to nije cijeli postupak.
Oni će mu još i zle duhove istjerati iz trbuha.
I doista, povalili su pacijenta na leđa i dok su ga četvorica držala za ruke i noge Veliki Vrač mu
je utaknuo bambusovu cjevčicu u duboko usaljeni pupak, zatim uzeo ugarak iz ruku svog asistenta
i živom žeravom stao šarati krugove oko bambusa po nabreklom agentovom trbuhu izgovarajući
obredne riječi na koje su njegovi pomoćnici odgovarali skandirajući neke druge riječi, vjerojatno u
ime demona koji, očito, nisu bez otpora napuštali utrobu našeg prijatelja. Agent je, razumije se, urlao
od boli, a to je Veliki Vrač primao sa zadovoljstvom, kao znak uspješnog rađanja na pupak.
Upravitelj stroja, koji je, čini se, bio najhumaniji i svakako najjači među bijelcima, učini pokret
kojim bi vjerojatno bio zadavio Velikoga Vrača da ga liječnik nije u pravi čas zaustavio.
– Zar ste poludjeli, gospodine!
– Pa dokle oni kane tako mučiti ovog čovjeka?
– Dok mu ne istjeraju i posljednjeg demona iz trbuha kroz onaj dimnjak na pupku.
Demoni bi navodno trebali pobjeći pred vatrom...
– Pa kada će to biti? – upita kapetan naivno, s laičkom radoznalošću.
– To pitajte njih – odgovori liječnik neprijazno.

U zadatcima višestrukoga izbora od više ponuđenih odgovora samo je jedan točan.
12. Koji je od sljedećih likova htio prekinuti događaj kojemu svjedoči?
A. kapetan
B. liječnik
C. upravitelj stroja
D. Veliki Vrač

Ogovori samo s A,B,C ili D",C. Upravitelj stroja,C,C,TRUE,Književnost (uz polazni tekst)
13,"Jorge Luis Borges, Zaprepaštenje
Jedan susjed iz Moróna izvijestio me o slučaju:
„Nitko baš pravo ne zna zašto su se Moritán i Pardo Rivarola zavadili, i to tako žestoko. Obojica
su bili iz konzervativne stranke, a vjerujem da su se i upoznali u podružnici. Ne sjećam se Moritána
jer bijah još vrlo mlad kad je on umro. Kažu da mu je obitelj bila iz Entre Riosa. Pardo je poživio
još mnogo godina. Nije bio nikakav vođa niti nešto slično, ali je tako izgledao. Bio je prilično nizak i
težak i vrlo razmetljiv u oblačenju. Nijedan od dvojice ne bje mlitav, ali je Rivarola više razmišljao,
kako se kasnije i vidjelo. Odavno se bio zakleo da naudi Moritánu, ali je htio djelovati oprezno.
Opravdavam ga; ako nekoga ubiješ i zatim moraš ispaštati u zatvoru, postupio si budalasto. Pardo
je svoj plan dobro pripremio.
Bilo je oko sedam sati uvečer, jedne nedjelje. Trg je bio pun svijeta. Kao i uvijek, tu je bio
Rivarola, koji je polagano šetao, s karanfilom u zapučku i u crnom odijelu. Hodao je sa svojom
nećakinjom. U jednom je trenutku iznenada udalji od sebe, čučnu na pod i počne mahati rukama i
kukurikati kao da je pijetao. Ljudi se u strahu razmaknuše. Tako poštovani građanin kao Pardo, pa
da to čini pred očima i usprkos čitavom Morónu, i to još nedjeljom! Nakon stotinjak metara okrenu se
natrag i svejednako mašući i kukurikajući uđe u Moritánovu kuću. Gurnu vrata i jednim skokom nađe
se u dvorištu. Mnoštvo se okupilo na ulici. Moritán, začuvši buku, pojavi se na dnu dvorišta. Vidjevši
groznog neprijatelja kako nasrće, pokuša se uvući u kakvu sobu, ali jedan ga metak zahvati, a zatim
i drugi. Rivarolu su odvela dva stražara. Čovjek se odupirao, kukurikajući.
Nakon mjesec dana bio je na slobodi. Službeni liječnik proglasi da je bio žrtvom iznenadnog
napada ludila. Zar ga čitavo mjesto nije vidjelo kako se ponaša kao pijetao?”

U zadatcima višestrukoga izbora od više ponuđenih odgovora samo je jedan točan.
13. Čije je zaprepaštenje prikazano?
A. ljudi na trgu
B. Moritánovo
C. Rivarolino
D. susjedovo

Ogovori samo s A,B,C ili D",A. ljudi na trgu,A,A,TRUE,Književnost (uz polazni tekst)
14,"Jorge Luis Borges, Zaprepaštenje
Jedan susjed iz Moróna izvijestio me o slučaju:
„Nitko baš pravo ne zna zašto su se Moritán i Pardo Rivarola zavadili, i to tako žestoko. Obojica
su bili iz konzervativne stranke, a vjerujem da su se i upoznali u podružnici. Ne sjećam se Moritána
jer bijah još vrlo mlad kad je on umro. Kažu da mu je obitelj bila iz Entre Riosa. Pardo je poživio
još mnogo godina. Nije bio nikakav vođa niti nešto slično, ali je tako izgledao. Bio je prilično nizak i
težak i vrlo razmetljiv u oblačenju. Nijedan od dvojice ne bje mlitav, ali je Rivarola više razmišljao,
kako se kasnije i vidjelo. Odavno se bio zakleo da naudi Moritánu, ali je htio djelovati oprezno.
Opravdavam ga; ako nekoga ubiješ i zatim moraš ispaštati u zatvoru, postupio si budalasto. Pardo
je svoj plan dobro pripremio.
Bilo je oko sedam sati uvečer, jedne nedjelje. Trg je bio pun svijeta. Kao i uvijek, tu je bio
Rivarola, koji je polagano šetao, s karanfilom u zapučku i u crnom odijelu. Hodao je sa svojom
nećakinjom. U jednom je trenutku iznenada udalji od sebe, čučnu na pod i počne mahati rukama i
kukurikati kao da je pijetao. Ljudi se u strahu razmaknuše. Tako poštovani građanin kao Pardo, pa
da to čini pred očima i usprkos čitavom Morónu, i to još nedjeljom! Nakon stotinjak metara okrenu se
natrag i svejednako mašući i kukurikajući uđe u Moritánovu kuću. Gurnu vrata i jednim skokom nađe
se u dvorištu. Mnoštvo se okupilo na ulici. Moritán, začuvši buku, pojavi se na dnu dvorišta. Vidjevši
groznog neprijatelja kako nasrće, pokuša se uvući u kakvu sobu, ali jedan ga metak zahvati, a zatim
i drugi. Rivarolu su odvela dva stražara. Čovjek se odupirao, kukurikajući.
Nakon mjesec dana bio je na slobodi. Službeni liječnik proglasi da je bio žrtvom iznenadnog
napada ludila. Zar ga čitavo mjesto nije vidjelo kako se ponaša kao pijetao?”

U zadatcima višestrukoga izbora od više ponuđenih odgovora samo je jedan točan.
14. Što susjed iz Moróna opravdava?
A. ubojičino razmetljivo odijevanje
B. glumljeno Rivarolino ludilo
C. počinjeno ubojstvo
D. zatvorsku kaznu

Ogovori samo s A,B,C ili D",D. zatvorsku kaznu,D,B,FALSE,Književnost (uz polazni tekst)
15,"Jorge Luis Borges, Zaprepaštenje
Jedan susjed iz Moróna izvijestio me o slučaju:
„Nitko baš pravo ne zna zašto su se Moritán i Pardo Rivarola zavadili, i to tako žestoko. Obojica
su bili iz konzervativne stranke, a vjerujem da su se i upoznali u podružnici. Ne sjećam se Moritána
jer bijah još vrlo mlad kad je on umro. Kažu da mu je obitelj bila iz Entre Riosa. Pardo je poživio
još mnogo godina. Nije bio nikakav vođa niti nešto slično, ali je tako izgledao. Bio je prilično nizak i
težak i vrlo razmetljiv u oblačenju. Nijedan od dvojice ne bje mlitav, ali je Rivarola više razmišljao,
kako se kasnije i vidjelo. Odavno se bio zakleo da naudi Moritánu, ali je htio djelovati oprezno.
Opravdavam ga; ako nekoga ubiješ i zatim moraš ispaštati u zatvoru, postupio si budalasto. Pardo
je svoj plan dobro pripremio.
Bilo je oko sedam sati uvečer, jedne nedjelje. Trg je bio pun svijeta. Kao i uvijek, tu je bio
Rivarola, koji je polagano šetao, s karanfilom u zapučku i u crnom odijelu. Hodao je sa svojom
nećakinjom. U jednom je trenutku iznenada udalji od sebe, čučnu na pod i počne mahati rukama i
kukurikati kao da je pijetao. Ljudi se u strahu razmaknuše. Tako poštovani građanin kao Pardo, pa
da to čini pred očima i usprkos čitavom Morónu, i to još nedjeljom! Nakon stotinjak metara okrenu se
natrag i svejednako mašući i kukurikajući uđe u Moritánovu kuću. Gurnu vrata i jednim skokom nađe
se u dvorištu. Mnoštvo se okupilo na ulici. Moritán, začuvši buku, pojavi se na dnu dvorišta. Vidjevši
groznog neprijatelja kako nasrće, pokuša se uvući u kakvu sobu, ali jedan ga metak zahvati, a zatim
i drugi. Rivarolu su odvela dva stražara. Čovjek se odupirao, kukurikajući.
Nakon mjesec dana bio je na slobodi. Službeni liječnik proglasi da je bio žrtvom iznenadnog
napada ludila. Zar ga čitavo mjesto nije vidjelo kako se ponaša kao pijetao?”

U zadatcima višestrukoga izbora od više ponuđenih odgovora samo je jedan točan.
15. Kojim se postupkom postiže vjerodostojnost prikaza događaja?
A. detaljnim opisom lika
B. kronološkim pripovijedanjem
C. uvođenjem lika susjeda
D. završnim retoričkim pitanjem

Ogovori samo s A,B,C ili D",B. kronološkim pripovijedanjem,B,C,FALSE,Književnost (uz polazni tekst)
16,"Sofoklo, Antigona
Kreont
A što je? Kako riječ me tvoja prepala!
Tiresija
Pa znat ćeš kad umijeća moga čuješ znak.
Na mjestu kad sam starom, ptica motrištu,
Gdje svaka dolijeće mi ptica, sjedio,
Glas ptičji nepoznat mi čujem, ljutome
U bijesu, divljoj graji one kreštahu.
Razabrah: jedna drugu čupa pandžama
I kolje; klepet krila jasno čuo se.
U strahu odmah htjedoh žrtvu prinijeti
Na zapaljenu žrtveniku, ali plamen se
Te žrtve paljenice nije primao:
Po pepelu se mast od bedra cijedila,
Razlijevala i dimila; tad prsne žuč
I uvis šikne, a salo se topilo
Što bedrenu je svuda kost omatalo.
Od ovog sam dječaka tako doznao
Za gatanje da žrtva znaka nè daje;
Jer meni on je vodič a ja drugima.
A to zbog tvoje volje boluje nam grad.
Ta svi su žrtvenici i sva ognjišta
Sad ptičje a i pseće hrane prepuni
Od Edipova sina, palog jadnika.
Pa onda bozi žrtvene već molitve
Ne primaju nit’ plamena od žrtava.
Nit’ krešti ptica dobrokobno òkusiv
Te masne krvi poginula čovjeka.
To, dakle, sinko, drži sad na pameti!
Ta griješiti je prirođeno ljudima;
Al’ sagriješi li tko, on više čovjek lud
Ni nesretan bit neće ako liječi se
I nije uporan kad ù zlo zàbrazdi.
Tvrdoglavost je isto što i bezumlje.
Ti pusti mrtvog, ne muči poginula!
Zar podvig je još jednom ubit mrtvoga?
U dobroj zborim namjeri: poslušati
Riječ dobrohotnu dobitak je najveći

U zadatcima višestrukoga izbora od više ponuđenih odgovora samo je jedan točan.
16. Koja je uloga Tiresijina obraćanja Kreontu?
A. uvjeriti Kreonta u to da je njegova odluka neispravna
B. objasniti Kreontu zašto bogovi nisu primili žrtvu
C. navesti Kreontove nepromišljene postupke
D. opravdati Kreontovo ponašanje

Ogovori samo s A,B,C ili D",A. uvjeriti Kreonta u to da je njegova odluka neispravna.,A,A,TRUE,Književnost (uz polazni tekst)
17,"Sofoklo, Antigona
Kreont
A što je? Kako riječ me tvoja prepala!
Tiresija
Pa znat ćeš kad umijeća moga čuješ znak.
Na mjestu kad sam starom, ptica motrištu,
Gdje svaka dolijeće mi ptica, sjedio,
Glas ptičji nepoznat mi čujem, ljutome
U bijesu, divljoj graji one kreštahu.
Razabrah: jedna drugu čupa pandžama
I kolje; klepet krila jasno čuo se.
U strahu odmah htjedoh žrtvu prinijeti
Na zapaljenu žrtveniku, ali plamen se
Te žrtve paljenice nije primao:
Po pepelu se mast od bedra cijedila,
Razlijevala i dimila; tad prsne žuč
I uvis šikne, a salo se topilo
Što bedrenu je svuda kost omatalo.
Od ovog sam dječaka tako doznao
Za gatanje da žrtva znaka nè daje;
Jer meni on je vodič a ja drugima.
A to zbog tvoje volje boluje nam grad.
Ta svi su žrtvenici i sva ognjišta
Sad ptičje a i pseće hrane prepuni
Od Edipova sina, palog jadnika.
Pa onda bozi žrtvene već molitve
Ne primaju nit’ plamena od žrtava.
Nit’ krešti ptica dobrokobno òkusiv
Te masne krvi poginula čovjeka.
To, dakle, sinko, drži sad na pameti!
Ta griješiti je prirođeno ljudima;
Al’ sagriješi li tko, on više čovjek lud
Ni nesretan bit neće ako liječi se
I nije uporan kad ù zlo zàbrazdi.
Tvrdoglavost je isto što i bezumlje.
Ti pusti mrtvog, ne muči poginula!
Zar podvig je još jednom ubit mrtvoga?
U dobroj zborim namjeri: poslušati
Riječ dobrohotnu dobitak je najveći

U zadatcima višestrukoga izbora od više ponuđenih odgovora samo je jedan točan.
17. O kojemu svojem umijeću govori Tiresija u sljedećoj rečenici?
Pa znat ćeš kad umijeća moga čuješ znak.
A. o proricanju budućih događaja
B. o komunikaciji s mrtvima
C. o žrtvovanju životinja
D. o uzgoju ptica

Ogovori samo s A,B,C ili D",A. o proricanju budućih događaja,A,A,TRUE,Književnost (uz polazni tekst)
18,"Sofoklo, Antigona
Kreont
A što je? Kako riječ me tvoja prepala!
Tiresija
Pa znat ćeš kad umijeća moga čuješ znak.
Na mjestu kad sam starom, ptica motrištu,
Gdje svaka dolijeće mi ptica, sjedio,
Glas ptičji nepoznat mi čujem, ljutome
U bijesu, divljoj graji one kreštahu.
Razabrah: jedna drugu čupa pandžama
I kolje; klepet krila jasno čuo se.
U strahu odmah htjedoh žrtvu prinijeti
Na zapaljenu žrtveniku, ali plamen se
Te žrtve paljenice nije primao:
Po pepelu se mast od bedra cijedila,
Razlijevala i dimila; tad prsne žuč
I uvis šikne, a salo se topilo
Što bedrenu je svuda kost omatalo.
Od ovog sam dječaka tako doznao
Za gatanje da žrtva znaka nè daje;
Jer meni on je vodič a ja drugima.
A to zbog tvoje volje boluje nam grad.
Ta svi su žrtvenici i sva ognjišta
Sad ptičje a i pseće hrane prepuni
Od Edipova sina, palog jadnika.
Pa onda bozi žrtvene već molitve
Ne primaju nit’ plamena od žrtava.
Nit’ krešti ptica dobrokobno òkusiv
Te masne krvi poginula čovjeka.
To, dakle, sinko, drži sad na pameti!
Ta griješiti je prirođeno ljudima;
Al’ sagriješi li tko, on više čovjek lud
Ni nesretan bit neće ako liječi se
I nije uporan kad ù zlo zàbrazdi.
Tvrdoglavost je isto što i bezumlje.
Ti pusti mrtvog, ne muči poginula!
Zar podvig je još jednom ubit mrtvoga?
U dobroj zborim namjeri: poslušati
Riječ dobrohotnu dobitak je najveći

U zadatcima višestrukoga izbora od više ponuđenih odgovora samo je jedan točan.
18. Koga Tiresija naziva palim jadnikom?
A. Eteokla
B. Hemona
C. Kreonta
D. Polinika

Ogovori samo s A,B,C ili D",D. Polinika,D,D,TRUE,Književnost (uz polazni tekst)
19,"Calderón de la Barca, Život je san
(Otvaraju se vrata i ukazuje se Sigismund,
okovan u lance i obučen u kožuh.
U kuli je svjetlo.)
SIGISMUND (iznutra)
Jao meni, nesretniku!
Kad me bijes vaš tako slama,
o nebesa, znati hoću,
rodivši se kakvu zloću
ja pokazah prema vama?
No već time što sam rođen,
znam kakvim sam zlom pogođen.
Zato dobar razlog vodi
vašu strogost – moram reći –
jer čovjekov grijeh najveći
u tome je što se rodi.
Jedina su moja htijenja,
o nebesa: zbog svog mira
želim znati (bez obzira
na taj zločin mog rođenja)
da l’ još čime vas uvrijedih,
te me takva kazna slijedi?
Jer i drugi rođeni su
kao i ja – to svi znate –
pa ih mnoga dobra prate,
koja meni dana nisu.
Ptić u gnijezdu se izvali
i čim bude pun biserja,
šaren kao cvijet od perja
i krilati buket mali,
odmah leti leta laka
kroz odaje bistra zraka
i ostavlja blagostanje
svoga gnijezda u stablima,
a ja više duše imam,
no slobode mnogo manje.
Zvijer se rodi: kožu čistu
čim joj ospu pjege divne
što se kao zvijezde čine
(zahvaljujuć umnom kistu),
po nagonu svom je ona
već opasna i smiona
i, okrutna prema svima,
po svom labirintu hara,
a ja, s mnogo više dara,
ja slobode manje imam.
(...)
Kad me prožme jad taj hudi,
kao vulkan gorim cio
i srce bih svoje htio
iščupati van iz grudi.
Tko i zašto tako sudi
i otima ovdje nama
naša ljudska prava sama,
povlastice i nagrade
što ih nebo vodi dade,
ptici, zvijeri i ribama?
ROSAURA
Njegove riječi u meni su
strah i samilost izazvale.
SIGISMUND
Tko je slušao moje riječi?
Je li Klotaldo?

U zadatcima višestrukoga izbora od više ponuđenih odgovora samo je jedan točan.
19. Koja je od sljedećih tvrdnja o Sigismundu točna?
A. Želi se osvetiti za nanesenu nepravdu.
B. Nastoji izazvati samilost sugovornika.
C. Očajan je zbog svojega položaja.
D. Planira pobjeći iz kule.

Ogovori samo s A,B,C ili D",C. Očajan je zbog svojega položaja.,C,C,TRUE,Književnost (uz polazni tekst)
20,"Calderón de la Barca, Život je san
(Otvaraju se vrata i ukazuje se Sigismund,
okovan u lance i obučen u kožuh.
U kuli je svjetlo.)
SIGISMUND (iznutra)
Jao meni, nesretniku!
Kad me bijes vaš tako slama,
o nebesa, znati hoću,
rodivši se kakvu zloću
ja pokazah prema vama?
No već time što sam rođen,
znam kakvim sam zlom pogođen.
Zato dobar razlog vodi
vašu strogost – moram reći –
jer čovjekov grijeh najveći
u tome je što se rodi.
Jedina su moja htijenja,
o nebesa: zbog svog mira
želim znati (bez obzira
na taj zločin mog rođenja)
da l’ još čime vas uvrijedih,
te me takva kazna slijedi?
Jer i drugi rođeni su
kao i ja – to svi znate –
pa ih mnoga dobra prate,
koja meni dana nisu.
Ptić u gnijezdu se izvali
i čim bude pun biserja,
šaren kao cvijet od perja
i krilati buket mali,
odmah leti leta laka
kroz odaje bistra zraka
i ostavlja blagostanje
svoga gnijezda u stablima,
a ja više duše imam,
no slobode mnogo manje.
Zvijer se rodi: kožu čistu
čim joj ospu pjege divne
što se kao zvijezde čine
(zahvaljujuć umnom kistu),
po nagonu svom je ona
već opasna i smiona
i, okrutna prema svima,
po svom labirintu hara,
a ja, s mnogo više dara,
ja slobode manje imam.
(...)
Kad me prožme jad taj hudi,
kao vulkan gorim cio
i srce bih svoje htio
iščupati van iz grudi.
Tko i zašto tako sudi
i otima ovdje nama
naša ljudska prava sama,
povlastice i nagrade
što ih nebo vodi dade,
ptici, zvijeri i ribama?
ROSAURA
Njegove riječi u meni su
strah i samilost izazvale.
SIGISMUND
Tko je slušao moje riječi?
Je li Klotaldo?

U zadatcima višestrukoga izbora od više ponuđenih odgovora samo je jedan točan.
20. Na kojoj je antitezi utemeljen Sigismundov monolog?
A. dobro – zlo
B. privid – stvarnost
C. rođenje – smrt
D. ropstvo – sloboda

Ogovori samo s A,B,C ili D",D. ropstvo - sloboda,D,D,TRUE,Književnost (uz polazni tekst)
21,"Calderón de la Barca, Život je san
(Otvaraju se vrata i ukazuje se Sigismund,
okovan u lance i obučen u kožuh.
U kuli je svjetlo.)
SIGISMUND (iznutra)
Jao meni, nesretniku!
Kad me bijes vaš tako slama,
o nebesa, znati hoću,
rodivši se kakvu zloću
ja pokazah prema vama?
No već time što sam rođen,
znam kakvim sam zlom pogođen.
Zato dobar razlog vodi
vašu strogost – moram reći –
jer čovjekov grijeh najveći
u tome je što se rodi.
Jedina su moja htijenja,
o nebesa: zbog svog mira
želim znati (bez obzira
na taj zločin mog rođenja)
da l’ još čime vas uvrijedih,
te me takva kazna slijedi?
Jer i drugi rođeni su
kao i ja – to svi znate –
pa ih mnoga dobra prate,
koja meni dana nisu.
Ptić u gnijezdu se izvali
i čim bude pun biserja,
šaren kao cvijet od perja
i krilati buket mali,
odmah leti leta laka
kroz odaje bistra zraka
i ostavlja blagostanje
svoga gnijezda u stablima,
a ja više duše imam,
no slobode mnogo manje.
Zvijer se rodi: kožu čistu
čim joj ospu pjege divne
što se kao zvijezde čine
(zahvaljujuć umnom kistu),
po nagonu svom je ona
već opasna i smiona
i, okrutna prema svima,
po svom labirintu hara,
a ja, s mnogo više dara,
ja slobode manje imam.
(...)
Kad me prožme jad taj hudi,
kao vulkan gorim cio
i srce bih svoje htio
iščupati van iz grudi.
Tko i zašto tako sudi
i otima ovdje nama
naša ljudska prava sama,
povlastice i nagrade
što ih nebo vodi dade,
ptici, zvijeri i ribama?
ROSAURA
Njegove riječi u meni su
strah i samilost izazvale.
SIGISMUND
Tko je slušao moje riječi?
Je li Klotaldo?

U zadatcima višestrukoga izbora od više ponuđenih odgovora samo je jedan točan.
21. Tko je kriv za Sigismundovo trenutačno stanje?
A. Astolfo
B. Bazilije
C. Klotaldo
D. Rosaura

Ogovori samo s A,B,C ili D",D. Rosaura,D,B,FALSE,Književnost (uz polazni tekst)
22,"Viktor Žmegač, Nadrealisti i kravate
NADREALISTI I KRAVATE. Sa starih crno-bijelih ili smećkastih fotografija gleda nas povijest.
Kad nas motre umjetnici, stvara se dodatna kulturnopovijesna vrijednost. Preda mnom je jedna
od skupnih fotografija istaknutih dadaista i nadrealista iz sredine dvadesetih godina. U prvom redu
sjede ličnosti koje ne treba predstaviti: Tristan Tzara, André Breton, Salvador Dalí, Max Ernst, Man
Ray. Svojim su djelima među najradikalnijim modernistima dvadesetoga stoljeća. No fotografija to
nimalo ne pokazuje. Danas smo navikli na to da se avangardni signali moraju očitovati i u odjeći.
Ako je umjetniku stalo do sebe, mora biti čupav, razdrljen, u što starijim trapericama i puloveru
koji je njegovano prljav, po mogućnosti na dva-tri mjesta propaljen cigaretom. U naše vrijeme
to je standard, a svakako više nije provokacija. Prije osamdesetak godina likovni i tekstualni
izazovi bili su nezapamćeno žestoki, ali djela bila su jedno, a odijevanje drugo. Antigrađanski
nasrtaji bili su u slikama i riječima koje su dolazile iz ruku autora pomno građanski obučenih. Čak
ni dadaistička ulična događanja u prvim godinama poslije rata nisu bila bez izglačanih odijela,
kravate ili leptirmašne. Takva je i fotografija. Svi imaju uredne košulje i decentne kravate, svi su
uz suzdržan smiješak uprli oči u kameru, kao da će izletjeti ptičica. I Man Ray ne drži se drukčije,
jedan od najvećih umjetničkih fotografa stoljeća. Tada svakako još nije postojala uniformnost
vanjskih i unutarnjih crta ličnosti. Zanimljivo je protuslovlje u današnjoj epohi, koja od umjetnika
očekuje klaunsku odjeću, naušnice i nanosnice, ali ne uočava da je umjetnost postala repetitivna.
Gospoda s kravatama i sakoima (a ne s ribarskim jaknama) rušili su estetske konvencije stare i po
petsto godina, i to sa štropotom. Danas su se posljednji trzaji provokacije preselili u ekstravagancije
vanjske pojave.

U zadatcima višestrukoga izbora od više ponuđenih odgovora samo je jedan točan.
22. Koja je od sljedećih tvrdnja o avangardistima s fotografije točna?
A. Avangardnom su odjećom ukazivali na modernost svojih djela.
B. Njihova je provokativnost proizlazila iz djela koja su stvarali.
C. Svojim su izgledom željeli zainteresirati gledatelje.
D. Njihova je umjetnost bila uniformirana.

Ogovori samo s A,B,C ili D",B. Njihova je provokativnost proizlazila iz djela koja su stvarali.,B,B,TRUE,Književnost (uz polazni tekst)
23,"Viktor Žmegač, Nadrealisti i kravate
NADREALISTI I KRAVATE. Sa starih crno-bijelih ili smećkastih fotografija gleda nas povijest.
Kad nas motre umjetnici, stvara se dodatna kulturnopovijesna vrijednost. Preda mnom je jedna
od skupnih fotografija istaknutih dadaista i nadrealista iz sredine dvadesetih godina. U prvom redu
sjede ličnosti koje ne treba predstaviti: Tristan Tzara, André Breton, Salvador Dalí, Max Ernst, Man
Ray. Svojim su djelima među najradikalnijim modernistima dvadesetoga stoljeća. No fotografija to
nimalo ne pokazuje. Danas smo navikli na to da se avangardni signali moraju očitovati i u odjeći.
Ako je umjetniku stalo do sebe, mora biti čupav, razdrljen, u što starijim trapericama i puloveru
koji je njegovano prljav, po mogućnosti na dva-tri mjesta propaljen cigaretom. U naše vrijeme
to je standard, a svakako više nije provokacija. Prije osamdesetak godina likovni i tekstualni
izazovi bili su nezapamćeno žestoki, ali djela bila su jedno, a odijevanje drugo. Antigrađanski
nasrtaji bili su u slikama i riječima koje su dolazile iz ruku autora pomno građanski obučenih. Čak
ni dadaistička ulična događanja u prvim godinama poslije rata nisu bila bez izglačanih odijela,
kravate ili leptirmašne. Takva je i fotografija. Svi imaju uredne košulje i decentne kravate, svi su
uz suzdržan smiješak uprli oči u kameru, kao da će izletjeti ptičica. I Man Ray ne drži se drukčije,
jedan od najvećih umjetničkih fotografa stoljeća. Tada svakako još nije postojala uniformnost
vanjskih i unutarnjih crta ličnosti. Zanimljivo je protuslovlje u današnjoj epohi, koja od umjetnika
očekuje klaunsku odjeću, naušnice i nanosnice, ali ne uočava da je umjetnost postala repetitivna.
Gospoda s kravatama i sakoima (a ne s ribarskim jaknama) rušili su estetske konvencije stare i po
petsto godina, i to sa štropotom. Danas su se posljednji trzaji provokacije preselili u ekstravagancije
vanjske pojave.

U zadatcima višestrukoga izbora od više ponuđenih odgovora samo je jedan točan.
23. Zašto avangardiste s fotografije ne treba predstaviti?
A. jer njihova umjetnost pripada prošlosti
B. jer ih fotografija dovoljno prikazuje
C. jer su nevažni za temu eseja
D. jer su vrlo poznati

Ogovori samo s A,B,C ili D",D. jer su vrlo poznati.,D,D,TRUE,Književnost (uz polazni tekst)
24,"Viktor Žmegač, Nadrealisti i kravate
NADREALISTI I KRAVATE. Sa starih crno-bijelih ili smećkastih fotografija gleda nas povijest.
Kad nas motre umjetnici, stvara se dodatna kulturnopovijesna vrijednost. Preda mnom je jedna
od skupnih fotografija istaknutih dadaista i nadrealista iz sredine dvadesetih godina. U prvom redu
sjede ličnosti koje ne treba predstaviti: Tristan Tzara, André Breton, Salvador Dalí, Max Ernst, Man
Ray. Svojim su djelima među najradikalnijim modernistima dvadesetoga stoljeća. No fotografija to
nimalo ne pokazuje. Danas smo navikli na to da se avangardni signali moraju očitovati i u odjeći.
Ako je umjetniku stalo do sebe, mora biti čupav, razdrljen, u što starijim trapericama i puloveru
koji je njegovano prljav, po mogućnosti na dva-tri mjesta propaljen cigaretom. U naše vrijeme
to je standard, a svakako više nije provokacija. Prije osamdesetak godina likovni i tekstualni
izazovi bili su nezapamćeno žestoki, ali djela bila su jedno, a odijevanje drugo. Antigrađanski
nasrtaji bili su u slikama i riječima koje su dolazile iz ruku autora pomno građanski obučenih. Čak
ni dadaistička ulična događanja u prvim godinama poslije rata nisu bila bez izglačanih odijela,
kravate ili leptirmašne. Takva je i fotografija. Svi imaju uredne košulje i decentne kravate, svi su
uz suzdržan smiješak uprli oči u kameru, kao da će izletjeti ptičica. I Man Ray ne drži se drukčije,
jedan od najvećih umjetničkih fotografa stoljeća. Tada svakako još nije postojala uniformnost
vanjskih i unutarnjih crta ličnosti. Zanimljivo je protuslovlje u današnjoj epohi, koja od umjetnika
očekuje klaunsku odjeću, naušnice i nanosnice, ali ne uočava da je umjetnost postala repetitivna.
Gospoda s kravatama i sakoima (a ne s ribarskim jaknama) rušili su estetske konvencije stare i po
petsto godina, i to sa štropotom. Danas su se posljednji trzaji provokacije preselili u ekstravagancije
vanjske pojave.

U zadatcima višestrukoga izbora od više ponuđenih odgovora samo je jedan točan.
24. Što od sljedećega autor iskazuje o umjetnosti svojega vremena?
A. Nekonvencionalna je.
B. Puna je proturječja.
C. Provokativna je.
D. Neoriginalna je.

Ogovori samo s A,B,C ili D",B. Puna je proturječja.,B,D,FALSE,Književnost (uz polazni tekst)
25,"Darko Grundler, Utjecaj monitora s katodnom cijevi na uređaje i ljude
Utjecaj elektromagnetskog polja monitora na uređaje svodi se na izazivanje smetnji i neispravnog
rada. Takva vrsta ometanja zove se elektromagnetska interferencija (engl. electromagnetic
interference, EMI). Primjeri ometanja su: smetnje na TV prijamnicima, radioprijamnicima i
telekomunikacijskoj opremi. (...) Problem zajedničkog rada više uređaja bez osjetnog međusobno
neželjenog utjecaja jest problem elektromagnetske sukladnosti (engl. electromagnetic compatibility,
EMC). Za neka dva uređaja kaže se da su elektromagnetski sukladna ako mogu zajedno raditi bez
međusobnih smetnji. Smatra se da monitor može štetno utjecati na zdravlje ljudi koji se nalaze u
njihovoj blizini. Štetnost monitora nije u potpunosti razjašnjena niti su sa sigurnošću ustanovljene
zdravstvene posljedice. Jedno od područja istraživanja jest utjecaj elektromagnetskih polja koja
stvara monitor. Monitor se sastoji od mnogo sastavnih dijelova kroz koje protječe električna
struja, pa se sukladno tome oko monitora rasprostiru električna i magnetska polja. Rasprostiranje
električnih i magnetskih polja naziva se emisija (engl. emission). Prema istraživanjima, monitori
proizvode dvije vrste emisija koje mogu utjecati na zdravlje. ELF (engl. extremely low frequency)
emisija je izuzetno niske frekvencije (5 Hz do 2 kHz), a glavni joj je izvor uspravni otklonski sustav i
napojna jedinica monitora. VLF (engl. very low frequency) emisija je vrlo niske frekvencije (2 kHz do
400 kHz), a izvor VLF-a vodoravni je otklonski sustav monitora. Viši pogonski naponi, kod višebojnih
monitora, uzrokuju u načelu i veće razine emisije.
Korisnici se od emisije mogu zaštititi na dva načina: filtriranjem signala i oklapanjem monitora.
Oklapanje se svodi na zatvaranje monitora u metalni oklop tako da se pojedini dijelovi monitora
presvlače tankim metalnim presvlakama. Primjerice staklo katodne cijevi monitora sadrži olovo kako
bi smanjilo zračenje. Mišljenja stručnjaka o općoj štetnosti monitora na zdravlje vrlo su podijeljena
i često suprotna te ne postoji znanstveno čvrsta podloga kojom bi se mogla potkrijepiti štetnost
utjecaja monitora na zdravlje.

U zadatcima višestrukoga izbora od više ponuđenih odgovora samo je jedan točan.
25. Koja je namjena teksta?
A. upozoriti na opasnost pri upotrebi monitora računala
B. potaknuti istraživanje o utjecaju monitora na ljude
C. promovirati nove tehnologije u izradi monitora
D. objasniti utjecaj monitora na okolinu

Ogovori samo s A,B,C ili D",B. potaknuti istraživanje o utjecaju monitora na ljude,B,D,FALSE,Književnost (uz polazni tekst)
26,"Darko Grundler, Utjecaj monitora s katodnom cijevi na uređaje i ljude
Utjecaj elektromagnetskog polja monitora na uređaje svodi se na izazivanje smetnji i neispravnog
rada. Takva vrsta ometanja zove se elektromagnetska interferencija (engl. electromagnetic
interference, EMI). Primjeri ometanja su: smetnje na TV prijamnicima, radioprijamnicima i
telekomunikacijskoj opremi. (...) Problem zajedničkog rada više uređaja bez osjetnog međusobno
neželjenog utjecaja jest problem elektromagnetske sukladnosti (engl. electromagnetic compatibility,
EMC). Za neka dva uređaja kaže se da su elektromagnetski sukladna ako mogu zajedno raditi bez
međusobnih smetnji. Smatra se da monitor može štetno utjecati na zdravlje ljudi koji se nalaze u
njihovoj blizini. Štetnost monitora nije u potpunosti razjašnjena niti su sa sigurnošću ustanovljene
zdravstvene posljedice. Jedno od područja istraživanja jest utjecaj elektromagnetskih polja koja
stvara monitor. Monitor se sastoji od mnogo sastavnih dijelova kroz koje protječe električna
struja, pa se sukladno tome oko monitora rasprostiru električna i magnetska polja. Rasprostiranje
električnih i magnetskih polja naziva se emisija (engl. emission). Prema istraživanjima, monitori
proizvode dvije vrste emisija koje mogu utjecati na zdravlje. ELF (engl. extremely low frequency)
emisija je izuzetno niske frekvencije (5 Hz do 2 kHz), a glavni joj je izvor uspravni otklonski sustav i
napojna jedinica monitora. VLF (engl. very low frequency) emisija je vrlo niske frekvencije (2 kHz do
400 kHz), a izvor VLF-a vodoravni je otklonski sustav monitora. Viši pogonski naponi, kod višebojnih
monitora, uzrokuju u načelu i veće razine emisije.
Korisnici se od emisije mogu zaštititi na dva načina: filtriranjem signala i oklapanjem monitora.
Oklapanje se svodi na zatvaranje monitora u metalni oklop tako da se pojedini dijelovi monitora
presvlače tankim metalnim presvlakama. Primjerice staklo katodne cijevi monitora sadrži olovo kako
bi smanjilo zračenje. Mišljenja stručnjaka o općoj štetnosti monitora na zdravlje vrlo su podijeljena
i često suprotna te ne postoji znanstveno čvrsta podloga kojom bi se mogla potkrijepiti štetnost
utjecaja monitora na zdravlje.

U zadatcima višestrukoga izbora od više ponuđenih odgovora samo je jedan točan.
26. Zbog čega su monitori potencijalno štetni za ljude?
A. zbog elektromagnetske interferencije
B. zbog elektromagnetske sukladnosti
C. zbog toga što sadrže olovo
D. zbog ELF i VLF emisije

Ogovori samo s A,B,C ili D","D. zbog ELF i VLF emisije



",D,D,TRUE,Književnost (uz polazni tekst)
27,"Darko Grundler, Utjecaj monitora s katodnom cijevi na uređaje i ljude
Utjecaj elektromagnetskog polja monitora na uređaje svodi se na izazivanje smetnji i neispravnog
rada. Takva vrsta ometanja zove se elektromagnetska interferencija (engl. electromagnetic
interference, EMI). Primjeri ometanja su: smetnje na TV prijamnicima, radioprijamnicima i
telekomunikacijskoj opremi. (...) Problem zajedničkog rada više uređaja bez osjetnog međusobno
neželjenog utjecaja jest problem elektromagnetske sukladnosti (engl. electromagnetic compatibility,
EMC). Za neka dva uređaja kaže se da su elektromagnetski sukladna ako mogu zajedno raditi bez
međusobnih smetnji. Smatra se da monitor može štetno utjecati na zdravlje ljudi koji se nalaze u
njihovoj blizini. Štetnost monitora nije u potpunosti razjašnjena niti su sa sigurnošću ustanovljene
zdravstvene posljedice. Jedno od područja istraživanja jest utjecaj elektromagnetskih polja koja
stvara monitor. Monitor se sastoji od mnogo sastavnih dijelova kroz koje protječe električna
struja, pa se sukladno tome oko monitora rasprostiru električna i magnetska polja. Rasprostiranje
električnih i magnetskih polja naziva se emisija (engl. emission). Prema istraživanjima, monitori
proizvode dvije vrste emisija koje mogu utjecati na zdravlje. ELF (engl. extremely low frequency)
emisija je izuzetno niske frekvencije (5 Hz do 2 kHz), a glavni joj je izvor uspravni otklonski sustav i
napojna jedinica monitora. VLF (engl. very low frequency) emisija je vrlo niske frekvencije (2 kHz do
400 kHz), a izvor VLF-a vodoravni je otklonski sustav monitora. Viši pogonski naponi, kod višebojnih
monitora, uzrokuju u načelu i veće razine emisije.
Korisnici se od emisije mogu zaštititi na dva načina: filtriranjem signala i oklapanjem monitora.
Oklapanje se svodi na zatvaranje monitora u metalni oklop tako da se pojedini dijelovi monitora
presvlače tankim metalnim presvlakama. Primjerice staklo katodne cijevi monitora sadrži olovo kako
bi smanjilo zračenje. Mišljenja stručnjaka o općoj štetnosti monitora na zdravlje vrlo su podijeljena
i često suprotna te ne postoji znanstveno čvrsta podloga kojom bi se mogla potkrijepiti štetnost
utjecaja monitora na zdravlje.

U zadatcima višestrukoga izbora od više ponuđenih odgovora samo je jedan točan.
27. Što se povećava s višim pogonskim naponima kod višebojnih monitora?
A. elektromagnetska sukladnost uređaja
B. količina olova u katodnoj cijevi
C. filtriranje signala monitora
D. zračenje monitora

Ogovori samo s A,B,C ili D",D. zračenje monitora,D,D,TRUE,Književnost (uz polazni tekst)
28,"Savršena tjestenina
Kad se vratite gladni s posla, a niste neki vješti kuhari, posegnut ćete za namirnicama pogodnima
za brzu pripremu. Jedna je od njih i tjestenina. Iako njeno kuhanje nije komplicirano, postoje pravila
koja je potrebno slijediti kako bi se iz ove namirnice izvuklo ono najbolje.
Odaberite visokokvalitetnu tjesteninu od fino mljevene durum-pšenice. Ona u usporedbi s
običnom pšenicom sadrži više minerala i vitamina te također ima visoki udio proteina koji pridonose
elastičnosti tjestenine pa se neće tako lako raskuhati.
Kuhajte ju u dovoljnoj količini vode kako se ne bi slijepila i otpustila škrob. Neki od kulinarskih
stručnjaka preporučuju čak 5 L vode na 1 kg tjestenine. Naravno, vaša količina tjestenine možda
neće biti ovako velika, ali ako je riječ i o samo 500 g, iskoristite veći lonac u koji može stati barem
3 – 4 L vode jer je to jedini način da se tjestenina ravnomjerno skuha i bude ukusna.
Budite oprezni s dodavanjem ulja i soli. Dodavanjem ulja nećete spriječiti sljepljivanje, već
ćete tjesteninu učiniti masnijom. Stoga ju promiješate 3 – 4 puta u 10 minuta kako ne bi došlo
do neželjenoga sljepljivanja. Sol dodajte nakon što je voda zakipjela. Tako ćete ubrzati proces
zagrijavanja vode. Na svaku litru vode dodajte otprilike 1 ½ žličicu soli.
Kako biste izbjegli raskuhavanje tjestenine, kušajte ju 2 – 3 minute prije predviđenoga završetka
kuhanja otisnutoga na pakiranju jer ćete tako najbolje osjetiti al dente čvrstoću koja predstavlja
savršeno skuhanu tjesteninu.
Tjesteninu nakon kuhanja nemojte ispirati jer se tako gubi škrob i sva slasnost dobivena
kuhanjem u slanoj vodi. Samo je procijedite i još vruću pomiješajte s umakom kako ne bi došlo
do sljepljivanja. Umak po potrebi dodatno zagrijte s tjesteninom, ali ne duže od 2 minute. Jela od
tjestenine servirajte topla, osim ako nije riječ o nekom obliku hladne salate.

U zadatcima višestrukoga izbora od više ponuđenih odgovora samo je jedan točan.
28. Koja je namjena teksta?
A. analizirati zašto se tjestenina kuhanjem sljepljuje
B. potaknuti ljude na kuhanje jela s tjesteninom
C. objasniti kako se pravilno kuha tjestenina
D. opisati nastanak raskuhane tjestenine

Ogovori samo s A,B,C ili D",C. objasniti kako se pravilno kuha tjestenina,C,C,TRUE,Književnost (uz polazni tekst)
29,"Savršena tjestenina
Kad se vratite gladni s posla, a niste neki vješti kuhari, posegnut ćete za namirnicama pogodnima
za brzu pripremu. Jedna je od njih i tjestenina. Iako njeno kuhanje nije komplicirano, postoje pravila
koja je potrebno slijediti kako bi se iz ove namirnice izvuklo ono najbolje.
Odaberite visokokvalitetnu tjesteninu od fino mljevene durum-pšenice. Ona u usporedbi s
običnom pšenicom sadrži više minerala i vitamina te također ima visoki udio proteina koji pridonose
elastičnosti tjestenine pa se neće tako lako raskuhati.
Kuhajte ju u dovoljnoj količini vode kako se ne bi slijepila i otpustila škrob. Neki od kulinarskih
stručnjaka preporučuju čak 5 L vode na 1 kg tjestenine. Naravno, vaša količina tjestenine možda
neće biti ovako velika, ali ako je riječ i o samo 500 g, iskoristite veći lonac u koji može stati barem
3 – 4 L vode jer je to jedini način da se tjestenina ravnomjerno skuha i bude ukusna.
Budite oprezni s dodavanjem ulja i soli. Dodavanjem ulja nećete spriječiti sljepljivanje, već
ćete tjesteninu učiniti masnijom. Stoga ju promiješate 3 – 4 puta u 10 minuta kako ne bi došlo
do neželjenoga sljepljivanja. Sol dodajte nakon što je voda zakipjela. Tako ćete ubrzati proces
zagrijavanja vode. Na svaku litru vode dodajte otprilike 1 ½ žličicu soli.
Kako biste izbjegli raskuhavanje tjestenine, kušajte ju 2 – 3 minute prije predviđenoga završetka
kuhanja otisnutoga na pakiranju jer ćete tako najbolje osjetiti al dente čvrstoću koja predstavlja
savršeno skuhanu tjesteninu.
Tjesteninu nakon kuhanja nemojte ispirati jer se tako gubi škrob i sva slasnost dobivena
kuhanjem u slanoj vodi. Samo je procijedite i još vruću pomiješajte s umakom kako ne bi došlo
do sljepljivanja. Umak po potrebi dodatno zagrijte s tjesteninom, ali ne duže od 2 minute. Jela od
tjestenine servirajte topla, osim ako nije riječ o nekom obliku hladne salate.

U zadatcima višestrukoga izbora od više ponuđenih odgovora samo je jedan točan.
29. Na koji se od sljedećih načina može izbjeći sljepljivanje tjestenine?
A. odabirom tjestenine s manjim udjelom proteina
B. miješanjem tjestenine prilikom kuhanja
C. soljenjem vode tek nakon što zavre
D. dodavanjem ulja tijekom kuhanja

Ogovori samo s A,B,C ili D",B. miješanjem tjestenine prilikom kuhanja.,B,B,TRUE,Književnost (uz polazni tekst)
30,"Savršena tjestenina
Kad se vratite gladni s posla, a niste neki vješti kuhari, posegnut ćete za namirnicama pogodnima
za brzu pripremu. Jedna je od njih i tjestenina. Iako njeno kuhanje nije komplicirano, postoje pravila
koja je potrebno slijediti kako bi se iz ove namirnice izvuklo ono najbolje.
Odaberite visokokvalitetnu tjesteninu od fino mljevene durum-pšenice. Ona u usporedbi s
običnom pšenicom sadrži više minerala i vitamina te također ima visoki udio proteina koji pridonose
elastičnosti tjestenine pa se neće tako lako raskuhati.
Kuhajte ju u dovoljnoj količini vode kako se ne bi slijepila i otpustila škrob. Neki od kulinarskih
stručnjaka preporučuju čak 5 L vode na 1 kg tjestenine. Naravno, vaša količina tjestenine možda
neće biti ovako velika, ali ako je riječ i o samo 500 g, iskoristite veći lonac u koji može stati barem
3 – 4 L vode jer je to jedini način da se tjestenina ravnomjerno skuha i bude ukusna.
Budite oprezni s dodavanjem ulja i soli. Dodavanjem ulja nećete spriječiti sljepljivanje, već
ćete tjesteninu učiniti masnijom. Stoga ju promiješate 3 – 4 puta u 10 minuta kako ne bi došlo
do neželjenoga sljepljivanja. Sol dodajte nakon što je voda zakipjela. Tako ćete ubrzati proces
zagrijavanja vode. Na svaku litru vode dodajte otprilike 1 ½ žličicu soli.
Kako biste izbjegli raskuhavanje tjestenine, kušajte ju 2 – 3 minute prije predviđenoga završetka
kuhanja otisnutoga na pakiranju jer ćete tako najbolje osjetiti al dente čvrstoću koja predstavlja
savršeno skuhanu tjesteninu.
Tjesteninu nakon kuhanja nemojte ispirati jer se tako gubi škrob i sva slasnost dobivena
kuhanjem u slanoj vodi. Samo je procijedite i još vruću pomiješajte s umakom kako ne bi došlo
do sljepljivanja. Umak po potrebi dodatno zagrijte s tjesteninom, ali ne duže od 2 minute. Jela od
tjestenine servirajte topla, osim ako nije riječ o nekom obliku hladne salate.

U zadatcima višestrukoga izbora od više ponuđenih odgovora samo je jedan točan.
30. Što od sljedećega negativno utječe na kvalitetu skuhane tjestenine?
A. ispiranje tjestenine nakon kuhanja
B. često kušanje tijekom kuhanja
C. al dente čvrstoća tjestenine
D. visoka elastičnost tjestenine

Ogovori samo s A,B,C ili D",A. ispiranje tjestenine nakon kuhanja,A,A,TRUE,Književnost (uz polazni tekst)
31,"U zadatcima višestrukoga izbora od više ponuđenih odgovora samo je jedan točan.
31. Koja je stilska figura upotrijebljena u sljedećemu primjeru?
‒ Majko, zašto je hladno u našoj sobi?
‒ Jer nema ugljena, sine.
‒ A zašto nema ugljena?
‒ Jer tata nema posla.
‒ A zašto tata nema posla?
‒ Jer ima previše ugljena.
A. anadiploza
B. paradoks
C. polisindeton
D. retoričko pitanje

Ogovori samo s A,B,C ili D",A. anadiploza,A,B,FALSE,Književnost (bez polaznog teksta)
32,"U zadatcima višestrukoga izbora od više ponuđenih odgovora samo je jedan točan.
32. Koji je od sljedećih naslova utemeljen na antitezi?
A. Kraljević i prosjak
B. Prokleta avlija
C. Zločin i kazna
D. Crni mačak

Ogovori samo s A,B,C ili D",A. Kraljević i prosjak,A,A,TRUE,Književnost (bez polaznog teksta)
33,"33. Koji je stih karakterističan za antičke epove?
A. epski deseterac
B. heksametar
C. jedanaesterac
D. simetrični osmerac
U zadatcima višestrukoga izbora od više ponuđenih odgovora samo je jedan točan.
Ogovori samo s A,B,C ili D",B. heksametar,B,B,TRUE,Književnost (bez polaznog teksta)
34,"34. Koja se od sljedećih tvrdnja odnosi na elegiju?
A. Namijenjena je buđenju nacionalne svijesti.
B. Pisana je u obliku dijaloga popraćenih glazbom.
C. Uzvišenim tonom slave se životne radosti i ljepota prirode.
D. Iskazuje se bolno iskustvo, razdvojenost od doma ili drage osobe. 
U zadatcima višestrukoga izbora od više ponuđenih odgovora samo je jedan točan.
Ogovori samo s A,B,C ili D","D. Iskazuje se bolno iskustvo, razdvojenost od doma ili drage osobe.",D,D,TRUE,Književnost (bez polaznog teksta)
35,"35. Koji su od sljedećih stihova dvostrukorimovani dvanaesterci?
A. Da bim znala, drago, da oćeš bit mornar,
Ja ću plavcu moju s zlatom okovati,
B. Lepo pevaj, ptiček, drobni moj slaviček,
vu zeleni gori, na kiti borovi.
C. Tuge mje, tuge, vsaki dan ste druge,
Ne jur vsaki danak neg i vsaku uru,
D. Slavi svak iz glasa ovu vil gizdavu,
Ka nosi od vlasa venčac lip na glavu,
U zadatcima višestrukoga izbora od više ponuđenih odgovora samo je jedan točan.
Ogovori samo s A,B,C ili D","C. Tuge mje, tuge, vsaki dan ste druge,
Ne jur vsaki danak neg i vsaku uru,",C,D,FALSE,Književnost (bez polaznog teksta)
36,"36. Na kojega se pjesnika odnosi sljedeća tvrdnja?
Naslovom svoje zbirke pjesma, kojom je najavio modernizam, ukazuje na spoj materijalnoga i
duhovnoga, ljepote i ružnoće, dobra i zla.
A. na Antuna Branka Šimića
B. na Charlesa Baudelairea
C. na Francesca Petrarcu
D. na Tina Ujevića
U zadatcima višestrukoga izbora od više ponuđenih odgovora samo je jedan točan.
Ogovori samo s A,B,C ili D",B. na Charlesa Baudelairea,B,B,TRUE,Književnost (bez polaznog teksta)
37,"37. Na koju se Ujevićevu pjesničku zbirku odnosi sljedeća tvrdnja?
Ta je zbirka od 48 pjesama pisana u duhu petrarkističke tradicije pa se lirski subjekt često
obraća imaginarnoj, nedohvatljivoj gospi koja ga istodobno i privlači i uništava.
A. na Kolajnu
B. na Lelek sebra
C. na Ojađeno zvono
D. na Žedan kamen na studencu
U zadatcima višestrukoga izbora od više ponuđenih odgovora samo je jedan točan.
Ogovori samo s A,B,C ili D",D. na Žedan kamen na studencu,D,A,FALSE,Književnost (bez polaznog teksta)
38,"38. U kojemu se pjevanju epa Smrt Smail-age Čengića nalaze sljedeći stihovi?
Djeco moja, hrabri zatočnici,
Vas je ova zemlja porodila,
Kršovita, ali vami zlatna.
Djedi vaši rodiše se tudijer,
Oci vaši rodiše se tudijer,
I vi isti rodiste se tudijer:
Za vas ljepše u svijetu neima.
A. u Agovanju
B. u Noćniku
C. u Četi
D. u Haraču
U zadatcima višestrukoga izbora od više ponuđenih odgovora samo je jedan točan.
Ogovori samo s A,B,C ili D",D. u Haraču,D,C,FALSE,Književnost (bez polaznog teksta)
39,"39. Koja se od sljedećih tvrdnja odnosi na Porfirija Petroviča iz romana Zločin i kazna?
A. Stariji je gospodin koji traži siromašnu djevojku za ženu koja bi mu bila pokorna i zahvalna.
B. Svojom lukavošću i psihološkim igrama želi navesti Raskoljnikova na priznanje zločina.
C. Suprug je Marfe Petrovne, a udvara se Raskoljnikovljevoj sestri Dunji.
D. Propali je činovnik koji je zbog alkohola uništio svoju obitelj.
U zadatcima višestrukoga izbora od više ponuđenih odgovora samo je jedan točan.
Ogovori samo s A,B,C ili D",B. Svojom lukavošću i psihološkim igrama želi navesti Raskoljnikova na priznanje zločina.,B,B,TRUE,Književnost (bez polaznog teksta)
40,"40. Zašto se roman Patnje mladog Werthera određuje kao epistolarni roman?
A. Pisan je u 1. licu.
B. Sadrži dnevničke zapise.
C. Pisan je u obliku pisama.
D. Nastao je u razdoblju predromantizma
U zadatcima višestrukoga izbora od više ponuđenih odgovora samo je jedan točan.
Ogovori samo s A,B,C ili D",C. Pisan je u obliku pisama.,C,C,TRUE,Književnost (bez polaznog teksta)
41,"41. Koji je dramski junak izgovorio sljedeću rečenicu?
Slabosti, ime ti je žena!
A. Kreont govoreći o Antigoni
B. Miljenko govoreći o Dubravki
C. Leone govoreći o barunici Glembay
D. Hamlet govoreći o Gertrudi
U zadatcima višestrukoga izbora od više ponuđenih odgovora samo je jedan točan.
Ogovori samo s A,B,C ili D",D. Hamlet govoreći o Gertrudi,D,D,TRUE,Književnost (bez polaznog teksta)
42,"42. Iz kojega su književnog djela sljedeće rečenice?
CENTROREKLAM objavljuje urbi et orbi s visokoga krova svoj visoki standard. Od njegove
silne akustike jedva se i čuje iz mračne veže nemoćno zapomaganje slijepca-prodavača:
„Končane svezice, crne, žute – dva dinara; deset kuverata i deset papira – šest dinara...”
Monotona slijepčeva litanija zvuči umorno i bez uvjerenja; jadna usmena reklama želi samo da
prikrije prosjačenje, to i ništa više.
A. iz Kiklopa
B. iz Preobražaja
C. iz Zločina i kazne
D. iz Patnja mladog Werthera
U zadatcima višestrukoga izbora od više ponuđenih odgovora samo je jedan točan.
Ogovori samo s A,B,C ili D",A. iz Kiklopa,A,A,TRUE,Književnost (bez polaznog teksta)
43,"43. Na kojega se književnika odnosi sljedeća tvrdnja?
U prvoj fazi stvaralaštva zaokupljen je pitanjem o smislu i svrsi čovjekova postojanja, a život
doživljava kao niz apsurda.
A. na Alberta Camusja
B. na Fjodora Mihajloviča Dostojevskog
C. na Franza Kafku
D. na Pedra Calderóna de la Barcu
U zadatcima višestrukoga izbora od više ponuđenih odgovora samo je jedan točan.
Ogovori samo s A,B,C ili D",A. na Alberta Camusja,A,A,TRUE,Književnost (bez polaznog teksta)
44,"44. Koja se od sljedećih tvrdnja odnosi na klasičnu grčku tragediju?
A. Namjera je prikazati neku aktualnu temu ili naglasiti neku lošu karakternu osobinu.
B. Glavni lik stradava jer je djelovao u skladu sa svojim moralnim načelima.
C. Pisana je u prozi, jednostavnim stilom i svakodnevnim govorom.
D. Stalni su likovi škrti starac, zaljubljeni mladić i lukavi sluga.
U zadatcima višestrukoga izbora od više ponuđenih odgovora samo je jedan točan.
Ogovori samo s A,B,C ili D",B. Glavni lik stradava jer je djelovao u skladu sa svojim moralnim načelima.,B,B,TRUE,Književnost (bez polaznog teksta)
45,"45. U čemu je Antigonina tragična krivnja?
A. Htjela je odgovornost za bratov pokop podijeliti sa svojom sestrom.
B. Uime moralnoga zakona prekršila je zakon vladara.
C. Skrivila je smrt svojega zaručnika.
D. Ubila se.
U zadatcima višestrukoga izbora od više ponuđenih odgovora samo je jedan točan.
Ogovori samo s A,B,C ili D",B. Uime moralnoga zakona prekršila je zakon vladara.,B,B,TRUE,Književnost (bez polaznog teksta)
46,"46. Kako se naziva dramski postupak kojim se spuštanjem božanstva na scenu razrješava zaplet?
A. ab ovo
B. deus ex machina
C. in medias res
D. quid pro quo
U zadatcima višestrukoga izbora od više ponuđenih odgovora samo je jedan točan.
Ogovori samo s A,B,C ili D",B. deus ex machina,B,B,TRUE,Književnost (bez polaznog teksta)
47,"47. Koja od sljedećih književnih vrsta pripada epskomu rodu?
A. epigram
B. mit
C. oda
D. tragedija
U zadatcima višestrukoga izbora od više ponuđenih odgovora samo je jedan točan.
Ogovori samo s A,B,C ili D",B. mit,B,B,TRUE,Književnost (bez polaznog teksta)
48,"48. Tko u Shakespeareovoj tragediji Hamlet izgovara sljedeće rečenice?
Ide već
U sobu svoje majke, gospodaru,
A ja ću stati iza zastora,
Da čujem što će biti.
A. Hamlet
B. Klaudije
C. Laert
D. Polonije
U zadatcima višestrukoga izbora od više ponuđenih odgovora samo je jedan točan.
Ogovori samo s A,B,C ili D",D. Polonije,D,D,TRUE,Književnost (bez polaznog teksta)
49,"49. Koja se od sljedećih tvrdnja odnosi na Dubravku Ivana Gundulića?
A. Djelo je monolog u kojemu se glavni lik prisjeća svojega grijeha, zatim spoznaje ispraznost
ljudskih nastojanja, a na kraju se vraća Bogu.
B. U djelu je prikazan pastoralni svijet na temelju kojega se iščitava društveno-politička
stvarnost.
C. Djelo sadrži prepjeve biblijskih pokorničkih psalama kojima autor prekida pisanje
mladenačkih drama.
D. Djelo se temelji na aktualnim događajima iz autorova vremena i govori o borbi za prijestolje.
U zadatcima višestrukoga izbora od više ponuđenih odgovora samo je jedan točan.
Ogovori samo s A,B,C ili D","A. Djelo je monolog u kojemu se glavni lik prisjeća svojega grijeha, zatim spoznaje ispraznost ljudskih nastojanja, a na kraju se vraća Bogu.",A,B,FALSE,Književnost (bez polaznog teksta)
50,"50. U kojemu je književnom razdoblju nastao pjesnički pravac marinizam?
A. u renesansi
B. u baroku
C. u klasicizmu
D. u romantizmu
U zadatcima višestrukoga izbora od više ponuđenih odgovora samo je jedan točan.
Ogovori samo s A,B,C ili D",B. u baroku,B,B,TRUE,Književnost (bez polaznog teksta)
51,"51. Koji je od sljedećih književnih pravaca nastao pod utjecajem psihoanalitičke teorije
Sigmunda Freuda?
A. dadaizam
B. ekspresionizam
C. futurizam
D. nadrealizam
U zadatcima višestrukoga izbora od više ponuđenih odgovora samo je jedan točan.
Ogovori samo s A,B,C ili D",D. nadrealizam,D,D,TRUE,Književnost (bez polaznog teksta)
52,"52. Koji od sljedećih pjesnika pripada razdoblju realizma?
A. Silvije Strahimir Kranjčević
B. Antun Gustav Matoš
C. Antun Branko Šimić
D. Augustin Tin Ujević
U zadatcima višestrukoga izbora od više ponuđenih odgovora samo je jedan točan.
Ogovori samo s A,B,C ili D",B. Antun Gustav Matoš,B,A,FALSE,Književnost (bez polaznog teksta)
53,"53. Koja je od sljedećih tvrdnja o trubadurskoj lirici točna?
A. Nastala je u renesansnome Dubrovniku.
B. Nastala je u srednjovjekovnoj Europi.
C. Nastala je u predrenesansnoj Italiji.
D. Nastala je u antičkome Rimu.
U zadatcima višestrukoga izbora od više ponuđenih odgovora samo je jedan točan.
Ogovori samo s A,B,C ili D",B. Nastala je u srednjovjekovnoj Europi.,B,B,TRUE,Književnost (bez polaznog teksta)
54,"54. Što je od sljedećega obilježje realističke poetike?
A. subjektivni pripovjedač
B. humanizirani pejzaž
C. načelo tipičnosti
D. svjetska bol
U zadatcima višestrukoga izbora od više ponuđenih odgovora samo je jedan točan.
Ogovori samo s A,B,C ili D",C. načelo tipičnosti.,C,C,TRUE,Književnost (bez polaznog teksta)
55,"55. Koje je od sljedećih obilježja karakteristično za književnost postmodernizma?
A. deskriptivnost
B. intertekstualnost
C. moralističnost
D. tendencioznost
U zadatcima višestrukoga izbora od više ponuđenih odgovora samo je jedan točan.
Ogovori samo s A,B,C ili D",B. intertekstualnost.,B,B,TRUE,Književnost (bez polaznog teksta)
56,"56. Koji je od sljedećih primjera pravopisno točan?
A. piješčani sat
B. razgovijetan izgovor
C. skupocijena ogrlica
D. zvijezdana staza
U zadatcima višestrukoga izbora od više ponuđenih odgovora samo je jedan točan.
Ogovori samo s A,B,C ili D",A. piješčani sat,A,B,FALSE,Jezik
57,"57. Koji je od sljedećih izraza pravopisno točan?
A. svečenički poziv
B. svečenićki poziv
C. svećenički poziv
D. svećenićki poziv
U zadatcima višestrukoga izbora od više ponuđenih odgovora samo je jedan točan.
Ogovori samo s A,B,C ili D",A. svečenički poziv,A,C,FALSE,Jezik
58,"58. Koja je od sljedećih rečenica napisana u skladu s pravilima o pisanju velikoga i maloga
početnog slova?
A. Apollo 11 bila je svemirska misija koja je 20. srpnja 1969. dovela prve ljude na zemljin satelit
Mjesec.
B. Taj se let smatra velikim postignućem u povijesti istraživanja svemira i pobjeda je SAD-a u
hladnoratovskoj utrci sa Sovjetskim savezom.
C. Armstrong i Aldrin sletjeli su na prostor nazvan More tišine i postali prvi ljudi na površini
Mjeseca.
D. Tri astronauta vratila su se na Zemlju s 21,55 kg mjesečeva kamenja, sletjevši 24. srpnja u
Tihi Ocean.
U zadatcima višestrukoga izbora od više ponuđenih odgovora samo je jedan točan.
Ogovori samo s A,B,C ili D","D. Tri astronauta vratila su se na Zemlju s 21,55 kg mjesečeva kamenja, sletjevši 24. srpnja u Tihi Ocean.",D,C,FALSE,Jezik
59,"59. U kojoj je od sljedećih rečenica podcrtani primjer pravopisno točan?
A. Na satu kemije određivali smo ph – vrijednosti tekućina.
B. Napeto smo iščekivali utakmicu Hajduk – Dinamo.
C. Suncokreti su Van Goghovo remek – djelo.
D. Kupili smo ogrlicu od 18 – karatnoga zlata
U zadatcima višestrukoga izbora od više ponuđenih odgovora samo je jedan točan.
Ogovori samo s A,B,C ili D",D. Kupili smo ogrlicu od 18 – karatnoga zlata,D,B,FALSE,Jezik
60,"60. U kojoj je od sljedećih riječi provedena jotacija?
A. prepečem
B. preskačem
C. presvučem
D. pretučem
U zadatcima višestrukoga izbora od više ponuđenih odgovora samo je jedan točan.
Ogovori samo s A,B,C ili D",B. preskačem,B,B,TRUE,Jezik
61,"61. U kojoj je od sljedećih riječi provedeno i jednačenje po zvučnosti i jednačenje po mjestu
tvorbe?
A. besraman
B. bešuman
C. bezbožan
D. bežičan
U zadatcima višestrukoga izbora od više ponuđenih odgovora samo je jedan točan.
Ogovori samo s A,B,C ili D",B. bešuman,B,B,TRUE,Jezik
62,"62. U kojemu je primjeru riječ pripovijedati točno naglašena?
A. pripovijêdati
B. pripovijèdati
C. pripovijédati
D. pripovijȅdati
U zadatcima višestrukoga izbora od više ponuđenih odgovora samo je jedan točan.
Ogovori samo s A,B,C ili D",B. pripovijèdati,B,C,FALSE,Jezik
63,"63. Koja je riječ u sljedećoj rečenici zanaglasnica?
Razmišljam o tome primjećuješ li i ti to.
A. o
B. li
C. i
D. to
U zadatcima višestrukoga izbora od više ponuđenih odgovora samo je jedan točan.
Ogovori samo s A,B,C ili D",A. o proricanju budućih događaja,A,B,FALSE,Jezik
64,"64. Koji je morfem korijenski u riječi poučavatelj?
A. po
B. -uč
C. -telj
D. -Ø
U zadatcima višestrukoga izbora od više ponuđenih odgovora samo je jedan točan.
Ogovori samo s A,B,C ili D",D. -Ø,D,B,FALSE,Jezik
65,"65. Što je oblikotvorna/gramatička osnova u riječi predradnik?
A. rad
B. predrad
C. predradni
D. predradnik
U zadatcima višestrukoga izbora od više ponuđenih odgovora samo je jedan točan.
Ogovori samo s A,B,C ili D",B. predrad,B,D,FALSE,Jezik
66,"66. U kojoj je od sljedećih rečenica podcrtana imenica srednjega roda?
A. Na leđima je imala madež u obliku zvijezde.
B. I ove ćemo godine staviti jaslice pod bor.
C. Svaki rat za sobom ostavlja siročad.
D. Čula je to na svoje uši.
U zadatcima višestrukoga izbora od više ponuđenih odgovora samo je jedan točan.
Ogovori samo s A,B,C ili D",A. Na leđima je imala madež u obliku zvijezde.,A,A,TRUE,Jezik
67,"67. Koja je od podcrtanih riječi u sljedećoj rečenici u dativu?
U tome turističkom mjestu divimo se mnogobrojnim šetalištima s kojih pogled dopire do
prekrasnih austrougarskih vila.
A. turističkom
B. mnogobrojnim
C. kojih
D. austrougarskih
U zadatcima višestrukoga izbora od više ponuđenih odgovora samo je jedan točan.
Ogovori samo s A,B,C ili D",A. turističkom,A,B,FALSE,Jezik
68,"68. U kojoj je od sljedećih rečenica upotrijebljen točan oblik pridjeva?
A. Gregor je želio da otac bude dobri prema njemu.
B. Gledao sam emisiju o ljudima najhrabrija srca.
C. Kopernik je pojasnio heliocentrični sustav.
D. Nigdje nije bilo onoga poznata glumca.
U zadatcima višestrukoga izbora od više ponuđenih odgovora samo je jedan točan.
Ogovori samo s A,B,C ili D",B. Gledao sam emisiju o ljudima najhrabrija srca.,B,C,FALSE,Jezik
69,"69. Koji je glagol u sljedećoj rečenici u prezentu?
Umjesto da smjesta pobjegne, okrenu se, potiho zaplaka i još dugo u noć jecaše.
A. pobjegne
B. okrenu se
C. zaplaka
D. jecaše
U zadatcima višestrukoga izbora od više ponuđenih odgovora samo je jedan točan.
Ogovori samo s A,B,C ili D",D. jecaše,D,A,FALSE,Jezik
70,"70. Koji je glagolski oblik podcrtan u sljedećoj rečenici?
Kad budemo dolazili, osvijetli nam put.
A. futur prvi
B. futur drugi
C. kondicional prvi
D. kondicional drugi
U zadatcima višestrukoga izbora od više ponuđenih odgovora samo je jedan točan.
Ogovori samo s A,B,C ili D",A. futur prvi,A,B,FALSE,Jezik
71,"71. Koja je riječ u sljedećoj rečenici prilog?
Hodao je uporno preko oštroga stijenja unatoč svim nevoljama koje su ga toga jutra pratile.
A. uporno
B. preko
C. unatoč
D. jutra
U zadatcima višestrukoga izbora od više ponuđenih odgovora samo je jedan točan.
Ogovori samo s A,B,C ili D",C. unatoč,C,A,FALSE,Jezik
72,"72. Kojim je tvorbenim načinom nastala riječ blatobran?
A. prefiksalno-sufiksalnom tvorbom
B. složeno-sufiksalnom tvorbom
C. sufiksalnom tvorbom
D. čistim slaganjem
U zadatcima višestrukoga izbora od više ponuđenih odgovora samo je jedan točan.
Ogovori samo s A,B,C ili D",B. složeno-sufiksalnom tvorbom,B,B,TRUE,Jezik
73,"73. Koja je od sljedećih riječi tvorena sufiksom -nik?
A. bolesnik
B. nasilnik
C. patnik
D. sretnik
U zadatcima višestrukoga izbora od više ponuđenih odgovora samo je jedan točan.
Ogovori samo s A,B,C ili D",A. bolesnik,A,C,FALSE,Jezik
74,"74. Koja je od sljedećih riječi nastala prefiksalnom tvorbom?
A. zaboraviti
B. zanovijetati
C. zapisati
D. zatvoriti
U zadatcima višestrukoga izbora od više ponuđenih odgovora samo je jedan točan.
Ogovori samo s A,B,C ili D",D. zatvoriti,D,C,FALSE,Jezik
75,"75. U kojoj je od sljedećih rečenica podcrtani primjer eponim?
A. Tajnu originalne pripreme kremšnita znaju samo samoborske slastičarnice.
B. Čvarci, kulen i kulenova seka dobro su poznati i izvan granica Lijepe Naše.
C. Đurđevački pijesci jedinstven su prirodni fenomen u Hrvatskoj.
D. Cipele manolice nazvane su prema poznatome dizajneru.
U zadatcima višestrukoga izbora od više ponuđenih odgovora samo je jedan točan.
Ogovori samo s A,B,C ili D",D. Cipele manolice nazvane su prema poznatome dizajneru.,D,D,TRUE,Jezik
76,"76. Koji od sljedećih frazema znači ʽpogoršavati situacijuʼ?
A. dolijevati ulje na vatru
B. otvoriti na koga vatru
C. pregrmjeti prvu vatru
D. igrati se vatrom
U zadatcima višestrukoga izbora od više ponuđenih odgovora samo je jedan točan.
Ogovori samo s A,B,C ili D",A. dolijevati ulje na vatru,A,A,TRUE,Jezik
77,"77. Koja je od sljedećih riječi bliskoznačna podcrtanoj riječi u sljedećoj rečenici?
U svojim je lucidnim trenutcima došao do bitnih spoznaja.
A. ludim
B. pronicavim
C. rijetkim
D. važnim
U zadatcima višestrukoga izbora od više ponuđenih odgovora samo je jedan točan.
Ogovori samo s A,B,C ili D",B. pronicavim,B,B,TRUE,Jezik
78,"78. U kojemu je od sljedećih primjera ktetik?
A. eskimski iglu
B. lepoglavska čipka
C. matoševski sonet
D. zemaljska kugla
U zadatcima višestrukoga izbora od više ponuđenih odgovora samo je jedan točan.
Ogovori samo s A,B,C ili D",B. lepoglavska čipka,B,B,TRUE,Jezik
79,"79. Kojemu funkcionalnom stilu hrvatskoga jezika pripadaju ove rečenice?
Flavonoidi su heterogena skupina spojeva čija osnovna struktura je kostur difenilpropana.
Dva benzenska prstena povezana su s tri lanca ugljika koji tvori zatvoreni piranski prsten s
benzenskim prstenom.
A. administrativnomu
B. književnoumjetničkomu
C. publicističkomu
D. znanstvenomu
U zadatcima višestrukoga izbora od više ponuđenih odgovora samo je jedan točan.
Ogovori samo s A,B,C ili D",D. znanstvenomu,D,D,TRUE,Jezik
80,"80. Koja se od sljedećih tvrdnja odnosi na prvi hrvatski tiskani rječnik?
A. Skupljeno leksičko blago u prvome je redu kajkavsko, ali ima štokavizama i čakavizama, što
je u skladu s načelima ozaljskoga jezičnog kruga kojemu autor pripada.
B. Rječnik je tiskan u Veneciji 1595., a hrvatski je jezik u njemu nazvan jednim od pet
najuglednijih europskih jezika.
C. Premda je rječnik ograničen uglavnom na hrvatsko kajkavsko jezično područje, važan je po
tome što je prvi kajkavsko-latinski rječnik.
D. U tome je trojezičnom rječniku prvi put hrvatski polazni jezik.
U zadatcima višestrukoga izbora od više ponuđenih odgovora samo je jedan točan.
Ogovori samo s A,B,C ili D","C. Premda je rječnik ograničen uglavnom na hrvatsko kajkavsko jezično područje, važan je po
tome što je prvi kajkavsko-latinski rječnik.",C,B,FALSE,Jezik
Ukupno,,,,,65,
,,,,,,
,,,Književnost (uz polazni tekst),,80,
,,,Književnost (bez polaznog teksta),,"73,07692308",
,,,Jezik,,"38,46153846",